{"cameraMode":{"drawMode":0,"name":"Shaded","section":"Shading Mode"},"sceneLighting":false,"audioPlay":false,"sceneViewState":{"showFog":false,"showMaterialUpdate":false,"showSkybox":false,"showFlares":false,"showImageEffects":true,"showParticleSystems":true},"in2DMode":false,"pivot":{"x":-0.0030760765075683595,"y":9.475765228271485,"z":-0.05551910400390625},"rotation":{"x":-0.17552955448627473,"y":0.09671299904584885,"z":-0.01733023300766945,"w":-0.9795589447021484},"size":57.29322052001953,"orthographic":false}