{"cameraMode":{"drawMode":0,"name":"Shaded","section":"Shading Mode"},"sceneLighting":false,"audioPlay":false,"sceneViewState":{"showFog":false,"showMaterialUpdate":false,"showSkybox":false,"showFlares":false,"showImageEffects":true,"showParticleSystems":true},"in2DMode":false,"pivot":{"x":-1.4740605354309083,"y":0.07403454184532166,"z":0.5087509155273438},"rotation":{"x":-0.3819093406200409,"y":-0.3315325677394867,"z":0.1490078866481781,"w":-0.8497223854064941},"size":3.6248159408569338,"orthographic":false}