{"cameraMode":{"drawMode":0,"name":"Shaded","section":"Shading Mode"},"sceneLighting":false,"audioPlay":false,"sceneViewState":{"showFog":false,"showMaterialUpdate":false,"showSkybox":false,"showFlares":false,"showImageEffects":true,"showParticleSystems":true},"in2DMode":false,"pivot":{"x":4.205766677856445,"y":-1.6797051429748536,"z":-0.06157684326171875},"rotation":{"x":0.15525028109550477,"y":0.36629173159599306,"z":-0.062125105410814288,"w":0.9153514504432678},"size":37.659637451171878,"orthographic":false}