{"cameraMode":{"drawMode":0,"name":"Shaded","section":"Shading Mode"},"sceneLighting":false,"audioPlay":false,"sceneViewState":{"showFog":false,"showMaterialUpdate":false,"showSkybox":false,"showFlares":false,"showImageEffects":true,"showParticleSystems":true},"in2DMode":false,"pivot":{"x":0.005747266113758087,"y":0.0758221447467804,"z":0.0010388121008872986},"rotation":{"x":0.20488053560256959,"y":-0.4367576837539673,"z":0.10286858677864075,"w":0.8698762655258179},"size":0.4755091965198517,"orthographic":false}