{"cameraMode":{"drawMode":0,"name":"Shaded","section":"Shading Mode"},"sceneLighting":false,"audioPlay":false,"sceneViewState":{"showFog":false,"showMaterialUpdate":false,"showSkybox":false,"showFlares":false,"showImageEffects":true,"showParticleSystems":true},"in2DMode":false,"pivot":{"x":-0.4460277557373047,"y":0.39368629455566409,"z":0.7137584686279297},"rotation":{"x":0.2972230613231659,"y":-0.013194524683058262,"z":0.0041075050830841068,"w":0.9547080993652344},"size":83.77501678466797,"orthographic":false}