{"cameraMode":{"drawMode":0,"name":"Shaded","section":"Shading Mode"},"sceneLighting":false,"audioPlay":false,"sceneViewState":{"showFog":false,"showMaterialUpdate":false,"showSkybox":false,"showFlares":false,"showImageEffects":true,"showParticleSystems":true},"in2DMode":false,"pivot":{"x":5.185836315155029,"y":-0.19392609596252442,"z":1.050776481628418},"rotation":{"x":-0.17552955448627473,"y":0.09671299904584885,"z":-0.01733023300766945,"w":-0.9795589447021484},"size":25.522796630859376,"orthographic":false}