{"cameraMode":{"drawMode":0,"name":"Shaded","section":"Shading Mode"},"sceneLighting":false,"audioPlay":false,"sceneViewState":{"showFog":false,"showMaterialUpdate":false,"showSkybox":false,"showFlares":false,"showImageEffects":true,"showParticleSystems":true},"in2DMode":false,"pivot":{"x":-2.4930388927459719,"y":-0.21361802518367768,"z":2.500001907348633},"rotation":{"x":-0.42863672971725466,"y":-0.059015218168497089,"z":0.028072169050574304,"w":-0.9011102914810181},"size":12.936117172241211,"orthographic":false}