{"cameraMode":{"drawMode":0,"name":"Shaded","section":"Shading Mode"},"sceneLighting":false,"audioPlay":false,"sceneViewState":{"showFog":false,"showMaterialUpdate":false,"showSkybox":false,"showFlares":false,"showImageEffects":true,"showParticleSystems":true},"in2DMode":false,"pivot":{"x":1.1920928955078126e-7,"y":1.1932992935180665,"z":-0.06363175064325333},"rotation":{"x":-0.15011589229106904,"y":0.3854883313179016,"z":-0.06371802091598511,"w":-0.9081872701644898},"size":5.830214500427246,"orthographic":false}