{"cameraMode":{"drawMode":0,"name":"Shaded","section":"Shading Mode"},"sceneLighting":false,"audioPlay":false,"sceneViewState":{"showFog":false,"showMaterialUpdate":false,"showSkybox":false,"showFlares":false,"showImageEffects":true,"showParticleSystems":true},"in2DMode":false,"pivot":{"x":-0.0000024437904357910158,"y":0.17241209745407105,"z":-0.011414170265197754},"rotation":{"x":-0.011496494524180889,"y":0.9883244633674622,"z":-0.11647593975067139,"w":-0.09755008667707443},"size":2.1266448497772219,"orthographic":false}