{"cameraMode":{"drawMode":0,"name":"Shaded","section":"Shading Mode"},"sceneLighting":false,"audioPlay":false,"sceneViewState":{"showFog":false,"showMaterialUpdate":false,"showSkybox":false,"showFlares":false,"showImageEffects":true,"showParticleSystems":true},"in2DMode":false,"pivot":{"x":49.88810729980469,"y":1.03706955909729,"z":31.933780670166017},"rotation":{"x":-0.07713839411735535,"y":0.6442514061927795,"z":-0.06555625796318054,"w":-0.7580845952033997},"size":6.897915363311768,"orthographic":false}