{"cameraMode":{"drawMode":0,"name":"Shaded","section":"Shading Mode"},"sceneLighting":false,"audioPlay":false,"sceneViewState":{"showFog":false,"showMaterialUpdate":false,"showSkybox":false,"showFlares":false,"showImageEffects":true,"showParticleSystems":true},"in2DMode":false,"pivot":{"x":1.1920928955078126e-7,"y":0.8530062437057495,"z":-0.05882294476032257},"rotation":{"x":-0.008174272254109383,"y":0.9909823536872864,"z":-0.07178423553705216,"w":-0.11284583061933518},"size":4.8034162521362309,"orthographic":false}