{"cameraMode":{"drawMode":0,"name":"Shaded","section":"Shading Mode"},"sceneLighting":false,"audioPlay":false,"sceneViewState":{"showFog":false,"showMaterialUpdate":false,"showSkybox":false,"showFlares":false,"showImageEffects":true,"showParticleSystems":true},"in2DMode":false,"pivot":{"x":-1.4999994039535523,"y":-0.02619922161102295,"z":-1.5000011920928956},"rotation":{"x":-0.42863669991493227,"y":-0.05901521444320679,"z":0.028072167187929155,"w":-0.9011102318763733},"size":7.000892639160156,"orthographic":false}