{"cameraMode":{"drawMode":0,"name":"Shaded","section":"Shading Mode"},"sceneLighting":false,"audioPlay":false,"sceneViewState":{"showFog":false,"showMaterialUpdate":false,"showSkybox":false,"showFlares":false,"showImageEffects":true,"showParticleSystems":true},"in2DMode":false,"pivot":{"x":0.4645727276802063,"y":-0.004791975021362305,"z":0.5029953718185425},"rotation":{"x":0.22692711651325227,"y":-0.29288607835769656,"z":0.07177099585533142,"w":0.9260511994361877},"size":1.8000571727752686,"orthographic":false}