{"cameraMode":{"drawMode":0,"name":"Shaded","section":"Shading Mode"},"sceneLighting":false,"audioPlay":false,"sceneViewState":{"showFog":false,"showMaterialUpdate":false,"showSkybox":false,"showFlares":false,"showImageEffects":true,"showParticleSystems":true},"in2DMode":false,"pivot":{"x":5.071377754211426,"y":0.4413914680480957,"z":1.0687823295593262},"rotation":{"x":-0.17552955448627473,"y":0.09671299904584885,"z":-0.01733023300766945,"w":-0.9795589447021484},"size":38.26877212524414,"orthographic":false}