{"cameraMode":{"drawMode":0,"name":"Shaded","section":"Shading Mode"},"sceneLighting":false,"audioPlay":false,"sceneViewState":{"showFog":false,"showMaterialUpdate":false,"showSkybox":false,"showFlares":false,"showImageEffects":true,"showParticleSystems":true},"in2DMode":false,"pivot":{"x":5.19879150390625,"y":-1.0063743591308594,"z":-0.8217458724975586},"rotation":{"x":-0.17552955448627473,"y":0.09671299904584885,"z":-0.01733023300766945,"w":-0.9795589447021484},"size":40.880821228027347,"orthographic":false}