{"cameraMode":{"drawMode":0,"name":"Shaded","section":"Shading Mode"},"sceneLighting":false,"audioPlay":false,"sceneViewState":{"showFog":false,"showMaterialUpdate":false,"showSkybox":false,"showFlares":false,"showImageEffects":true,"showParticleSystems":true},"in2DMode":false,"pivot":{"x":-0.8920669555664063,"y":-0.2306060791015625,"z":0.6767692565917969},"rotation":{"x":0.12885580956935883,"y":-0.457159161567688,"z":0.06713587045669556,"w":0.8774363398551941},"size":171.97073364257813,"orthographic":false}