{"cameraMode":{"drawMode":0,"name":"Shaded","section":"Shading Mode"},"sceneLighting":false,"audioPlay":false,"sceneViewState":{"showFog":false,"showMaterialUpdate":false,"showSkybox":false,"showFlares":false,"showImageEffects":true,"showParticleSystems":true},"in2DMode":false,"pivot":{"x":-0.00000476837158203125,"y":0.19982858002185822,"z":-0.000002384185791015625},"rotation":{"x":-0.42863672971725466,"y":-0.059015218168497089,"z":0.028072169050574304,"w":-0.9011102914810181},"size":16.466045379638673,"orthographic":false}