{"cameraMode":{"drawMode":0,"name":"Shaded","section":"Shading Mode"},"sceneLighting":false,"audioPlay":false,"sceneViewState":{"showFog":false,"showMaterialUpdate":false,"showSkybox":false,"showFlares":false,"showImageEffects":true,"showParticleSystems":true},"in2DMode":false,"pivot":{"x":-0.3647027611732483,"y":0.276120662689209,"z":0.5473651885986328},"rotation":{"x":0.3508009612560272,"y":-0.2698965072631836,"z":0.10633564740419388,"w":0.8903859853744507},"size":3.3000569343566896,"orthographic":false}