{"cameraMode":{"drawMode":0,"name":"Shaded","section":"Shading Mode"},"sceneLighting":false,"audioPlay":false,"sceneViewState":{"showFog":false,"showMaterialUpdate":false,"showSkybox":false,"showFlares":false,"showImageEffects":true,"showParticleSystems":true},"in2DMode":false,"pivot":{"x":-0.0160607248544693,"y":0.014605216681957245,"z":-0.0020836293697357179},"rotation":{"x":0.19932879507541657,"y":-0.2907080352306366,"z":0.0620570108294487,"w":0.9337589740753174},"size":0.30005717277526858,"orthographic":false}