{"cameraMode":{"drawMode":0,"name":"Shaded","section":"Shading Mode"},"sceneLighting":false,"audioPlay":false,"sceneViewState":{"showFog":false,"showMaterialUpdate":false,"showSkybox":false,"showFlares":false,"showImageEffects":true,"showParticleSystems":true},"in2DMode":false,"pivot":{"x":0.049352169036865237,"y":0.009884119033813477,"z":0.16325139999389649},"rotation":{"x":0.2972230613231659,"y":-0.013194524683058262,"z":0.0041075050830841068,"w":0.9547080993652344},"size":23.35636329650879,"orthographic":false}