{"cameraMode":{"drawMode":0,"name":"Shaded","section":"Shading Mode"},"sceneLighting":false,"audioPlay":false,"sceneViewState":{"showFog":false,"showMaterialUpdate":false,"showSkybox":false,"showFlares":false,"showImageEffects":true,"showParticleSystems":true},"in2DMode":false,"pivot":{"x":2.506214141845703,"y":1.6277406215667725,"z":4.415411472320557},"rotation":{"x":0.06496938318014145,"y":-0.6780914068222046,"z":0.06038172170519829,"w":0.7296062111854553},"size":8.96900749206543,"orthographic":false}