{"cameraMode":{"drawMode":0,"name":"Shaded","section":"Shading Mode"},"sceneLighting":false,"audioPlay":false,"sceneViewState":{"showFog":false,"showMaterialUpdate":false,"showSkybox":false,"showFlares":false,"showImageEffects":true,"showParticleSystems":true},"in2DMode":false,"pivot":{"x":-0.05299663543701172,"y":-0.0023326873779296877,"z":0.1455683708190918},"rotation":{"x":0.20488053560256959,"y":-0.4367576837539673,"z":0.10286858677864075,"w":0.8698762655258179},"size":7.146288871765137,"orthographic":false}