{"cameraMode":{"drawMode":0,"name":"Shaded","section":"Shading Mode"},"sceneLighting":false,"audioPlay":false,"sceneViewState":{"showFog":false,"showMaterialUpdate":false,"showSkybox":false,"showFlares":false,"showImageEffects":true,"showParticleSystems":true},"in2DMode":false,"pivot":{"x":52.5099983215332,"y":1.096019983291626,"z":30.78000259399414},"rotation":{"x":-0.17178834974765778,"y":0.6859269142150879,"z":-0.1717906892299652,"w":-0.6859161853790283},"size":64.49757385253906,"orthographic":false}