{"cameraMode":{"drawMode":0,"name":"Shaded","section":"Shading Mode"},"sceneLighting":false,"audioPlay":false,"sceneViewState":{"showFog":false,"showMaterialUpdate":false,"showSkybox":false,"showFlares":false,"showImageEffects":true,"showParticleSystems":true},"in2DMode":false,"pivot":{"x":-0.020161151885986329,"y":0.06334012746810913,"z":0.036702096462249759},"rotation":{"x":0.23964300751686097,"y":-0.3205614387989044,"z":0.08418288826942444,"w":0.9125375747680664},"size":0.6000572443008423,"orthographic":false}