{"cameraMode":{"drawMode":0,"name":"Shaded","section":"Shading Mode"},"sceneLighting":false,"audioPlay":false,"sceneViewState":{"showFog":false,"showMaterialUpdate":false,"showSkybox":false,"showFlares":false,"showImageEffects":true,"showParticleSystems":true},"in2DMode":false,"pivot":{"x":93.9638900756836,"y":-1.4465675354003907,"z":60.13165283203125},"rotation":{"x":-0.4625531733036041,"y":0.01010804995894432,"z":-0.005274653900414705,"w":-0.8865182399749756},"size":12.68795108795166,"orthographic":false}