{"cameraMode":{"drawMode":0,"name":"Shaded","section":"Shading Mode"},"sceneLighting":false,"audioPlay":false,"sceneViewState":{"showFog":false,"showMaterialUpdate":false,"showSkybox":false,"showFlares":false,"showImageEffects":true,"showParticleSystems":true},"in2DMode":false,"pivot":{"x":0.42396366596221926,"y":1.251643419265747,"z":-0.9814155101776123},"rotation":{"x":-0.014287265948951245,"y":-0.970768392086029,"z":0.05977794528007507,"w":-0.23201550543308259},"size":2.703416109085083,"orthographic":false}