{"cameraMode":{"drawMode":0,"name":"Shaded","section":"Shading Mode"},"sceneLighting":false,"audioPlay":false,"sceneViewState":{"showFog":false,"showMaterialUpdate":false,"showSkybox":false,"showFlares":false,"showImageEffects":true,"showParticleSystems":true},"in2DMode":false,"pivot":{"x":121.01000213623047,"y":11.079999923706055,"z":-29.261981964111329},"rotation":{"x":0.2601340413093567,"y":0.23427729308605195,"z":-0.06521805375814438,"w":0.9344469308853149},"size":151.98556518554688,"orthographic":false}