{"cameraMode":{"drawMode":0,"name":"Shaded","section":"Shading Mode"},"sceneLighting":false,"audioPlay":false,"sceneViewState":{"showFog":false,"showMaterialUpdate":false,"showSkybox":false,"showFlares":false,"showImageEffects":true,"showParticleSystems":true},"in2DMode":false,"pivot":{"x":0.10764789581298828,"y":11.508794784545899,"z":-0.10739421844482422},"rotation":{"x":0.24351465702056886,"y":-0.27501651644706728,"z":0.07222224771976471,"w":0.9272812604904175},"size":53.2559700012207,"orthographic":false}