{"cameraMode":{"drawMode":0,"name":"Shaded","section":"Shading Mode"},"sceneLighting":false,"audioPlay":false,"sceneViewState":{"showFog":false,"showMaterialUpdate":false,"showSkybox":false,"showFlares":false,"showImageEffects":true,"showParticleSystems":true},"in2DMode":false,"pivot":{"x":2.287923812866211,"y":0.6594704389572144,"z":0.3657742738723755},"rotation":{"x":0.09684868901968003,"y":-0.19867201149463654,"z":0.019733021035790445,"w":0.9750694632530212},"size":10.365602493286133,"orthographic":false}