{"cameraMode":{"drawMode":0,"name":"Shaded","section":"Shading Mode"},"sceneLighting":false,"audioPlay":false,"sceneViewState":{"showFog":false,"showMaterialUpdate":false,"showSkybox":false,"showFlares":false,"showImageEffects":true,"showParticleSystems":true},"in2DMode":false,"pivot":{"x":-1.4720563888549805,"y":1.9378314018249512,"z":2.0493996143341066},"rotation":{"x":-0.2519620954990387,"y":-0.04584842175245285,"z":0.011951549910008908,"w":-0.9665765762329102},"size":6.333587646484375,"orthographic":false}