{"cameraMode":{"drawMode":0,"name":"Shaded","section":"Shading Mode"},"sceneLighting":false,"audioPlay":false,"sceneViewState":{"showFog":false,"showMaterialUpdate":false,"showSkybox":false,"showFlares":false,"showImageEffects":true,"showParticleSystems":true},"in2DMode":false,"pivot":{"x":-0.05694580078125,"y":0.6629085540771484,"z":6.771231651306152},"rotation":{"x":0.2972230613231659,"y":-0.013194524683058262,"z":0.0041075050830841068,"w":0.9547080993652344},"size":47.8035774230957,"orthographic":false}