{"cameraMode":{"drawMode":0,"name":"Shaded","section":"Shading Mode"},"sceneLighting":false,"audioPlay":false,"sceneViewState":{"showFog":false,"showMaterialUpdate":false,"showSkybox":false,"showFlares":false,"showImageEffects":true,"showParticleSystems":true},"in2DMode":false,"pivot":{"x":-0.057885169982910159,"y":1.8825063705444337,"z":-0.04014706611633301},"rotation":{"x":0.20488053560256959,"y":-0.4367576837539673,"z":0.10286858677864075,"w":0.8698762655258179},"size":11.562458992004395,"orthographic":false}