{"cameraMode":{"drawMode":0,"name":"Shaded","section":"Shading Mode"},"sceneLighting":false,"audioPlay":false,"sceneViewState":{"showFog":false,"showMaterialUpdate":false,"showSkybox":false,"showFlares":false,"showImageEffects":true,"showParticleSystems":true},"in2DMode":false,"pivot":{"x":0.0648621916770935,"y":3.564943313598633,"z":0.007760524749755859},"rotation":{"x":0.20488053560256959,"y":-0.4367576837539673,"z":0.10286858677864075,"w":0.8698762655258179},"size":17.692523956298829,"orthographic":false}