{"cameraMode":{"drawMode":0,"name":"Shaded","section":"Shading Mode"},"sceneLighting":false,"audioPlay":false,"sceneViewState":{"showFog":false,"showMaterialUpdate":false,"showSkybox":false,"showFlares":false,"showImageEffects":true,"showParticleSystems":true},"in2DMode":false,"pivot":{"x":-9.5367431640625e-7,"y":0.8960201740264893,"z":0.0000019073486328125},"rotation":{"x":-0.10776637494564057,"y":-0.021170327439904214,"z":0.0022953548468649389,"w":-0.993948221206665},"size":46.78565216064453,"orthographic":false}