{"cameraMode":{"drawMode":0,"name":"Shaded","section":"Shading Mode"},"sceneLighting":false,"audioPlay":false,"sceneViewState":{"showFog":false,"showMaterialUpdate":false,"showSkybox":false,"showFlares":false,"showImageEffects":true,"showParticleSystems":true},"in2DMode":false,"pivot":{"x":-0.047815561294555667,"y":1.027011513710022,"z":67.41182708740235},"rotation":{"x":-0.15962830185890199,"y":-0.21778787672519685,"z":0.036131132394075397,"w":-0.9621755480766296},"size":3.9594480991363527,"orthographic":false}