{"cameraMode":{"drawMode":0,"name":"Shaded","section":"Shading Mode"},"sceneLighting":false,"audioPlay":false,"sceneViewState":{"showFog":false,"showMaterialUpdate":false,"showSkybox":false,"showFlares":false,"showImageEffects":true,"showParticleSystems":true},"in2DMode":false,"pivot":{"x":2.489771842956543,"y":10.208535194396973,"z":-11.663689613342286},"rotation":{"x":-0.36637622117996218,"y":-0.33818554878234866,"z":0.14498060941696168,"w":-0.8546225428581238},"size":107.89906311035156,"orthographic":false}