{"cameraMode":{"drawMode":0,"name":"Shaded","section":"Shading Mode"},"sceneLighting":false,"audioPlay":false,"sceneViewState":{"showFog":false,"showMaterialUpdate":false,"showSkybox":false,"showFlares":false,"showImageEffects":true,"showParticleSystems":true},"in2DMode":false,"pivot":{"x":-1.3718466758728028,"y":-0.0765523910522461,"z":-0.6524252891540527},"rotation":{"x":-0.3018326759338379,"y":-0.35370779037475588,"z":0.12174684554338455,"w":-0.8769068717956543},"size":8.080613136291504,"orthographic":false}