{"cameraMode":{"drawMode":0,"name":"Shaded","section":"Shading Mode"},"sceneLighting":false,"audioPlay":false,"sceneViewState":{"showFog":false,"showMaterialUpdate":false,"showSkybox":false,"showFlares":false,"showImageEffects":true,"showParticleSystems":true},"in2DMode":false,"pivot":{"x":-4.770957946777344,"y":-0.12430500984191895,"z":7.625284194946289},"rotation":{"x":-0.4200406074523926,"y":-0.1698296070098877,"z":0.0803465023636818,"w":-0.8878447413444519},"size":20.936079025268556,"orthographic":false}