{"cameraMode":{"drawMode":0,"name":"Shaded","section":"Shading Mode"},"sceneLighting":false,"audioPlay":false,"sceneViewState":{"showFog":false,"showMaterialUpdate":false,"showSkybox":false,"showFlares":false,"showImageEffects":true,"showParticleSystems":true},"in2DMode":false,"pivot":{"x":-0.0025103092193603517,"y":0.35750317573547366,"z":0.0003347471356391907},"rotation":{"x":-0.011496494524180889,"y":0.9883244633674622,"z":-0.11647593975067139,"w":-0.09755008667707443},"size":1.2905726432800294,"orthographic":false}