{"cameraMode":{"drawMode":0,"name":"Shaded","section":"Shading Mode"},"sceneLighting":false,"audioPlay":false,"sceneViewState":{"showFog":false,"showMaterialUpdate":false,"showSkybox":false,"showFlares":false,"showImageEffects":true,"showParticleSystems":true},"in2DMode":false,"pivot":{"x":-0.7927818298339844,"y":1.100452184677124,"z":-0.8128987550735474},"rotation":{"x":0.10050491988658905,"y":0.8954203724861145,"z":-0.2582697868347168,"w":0.34845080971717837},"size":2.542459487915039,"orthographic":false}