{"cameraMode":{"drawMode":0,"name":"Shaded","section":"Shading Mode"},"sceneLighting":false,"audioPlay":false,"sceneViewState":{"showFog":false,"showMaterialUpdate":false,"showSkybox":false,"showFlares":false,"showImageEffects":true,"showParticleSystems":true},"in2DMode":false,"pivot":{"x":-0.29764699935913088,"y":-0.3011908531188965,"z":0.0971074104309082},"rotation":{"x":0.15525028109550477,"y":0.36629173159599306,"z":-0.062125105410814288,"w":0.9153514504432678},"size":17.0513858795166,"orthographic":false}