{"cameraMode":{"drawMode":0,"name":"Shaded","section":"Shading Mode"},"sceneLighting":false,"audioPlay":false,"sceneViewState":{"showFog":false,"showMaterialUpdate":false,"showSkybox":false,"showFlares":false,"showImageEffects":true,"showParticleSystems":true},"in2DMode":false,"pivot":{"x":0.020257145166397096,"y":0.37171638011932375,"z":0.07405316829681397},"rotation":{"x":0.22626934945583344,"y":-0.2637675702571869,"z":0.06379728019237519,"w":0.9354992508888245},"size":2.819518566131592,"orthographic":false}