{"cameraMode":{"drawMode":0,"name":"Shaded","section":"Shading Mode"},"sceneLighting":false,"audioPlay":false,"sceneViewState":{"showFog":false,"showMaterialUpdate":false,"showSkybox":false,"showFlares":false,"showImageEffects":true,"showParticleSystems":true},"in2DMode":false,"pivot":{"x":1043.69384765625,"y":711.9140625,"z":294.3179931640625},"rotation":{"x":-0.0006010042852722108,"y":0.010500088334083557,"z":0.000005912588221690385,"w":0.9999447464942932},"size":2033.568359375,"orthographic":false}