{"cameraMode":{"drawMode":0,"name":"Shaded","section":"Shading Mode"},"sceneLighting":false,"audioPlay":false,"sceneViewState":{"showFog":false,"showMaterialUpdate":false,"showSkybox":false,"showFlares":false,"showImageEffects":true,"showParticleSystems":true},"in2DMode":false,"pivot":{"x":107.51000213623047,"y":0.07999992370605469,"z":-29.020000457763673},"rotation":{"x":0.3386935889720917,"y":-0.4652501344680786,"z":0.19862736761569978,"w":0.7933322787284851},"size":22.863075256347658,"orthographic":false}