{"cameraMode":{"drawMode":0,"name":"Shaded","section":"Shading Mode"},"sceneLighting":false,"audioPlay":false,"sceneViewState":{"showFog":false,"showMaterialUpdate":false,"showSkybox":false,"showFlares":false,"showImageEffects":true,"showParticleSystems":true},"in2DMode":false,"pivot":{"x":-0.0214691162109375,"y":-0.07210111618041992,"z":-0.05948340892791748},"rotation":{"x":0.24351465702056886,"y":-0.27501651644706728,"z":0.07222224771976471,"w":0.9272812604904175},"size":2.1000571250915529,"orthographic":false}