{"cameraMode":{"drawMode":0,"name":"Shaded","section":"Shading Mode"},"sceneLighting":false,"audioPlay":false,"sceneViewState":{"showFog":false,"showMaterialUpdate":false,"showSkybox":false,"showFlares":false,"showImageEffects":true,"showParticleSystems":true},"in2DMode":false,"pivot":{"x":-0.9556693434715271,"y":0.374462366104126,"z":-0.9311468601226807},"rotation":{"x":0.013389503583312035,"y":-0.9864146113395691,"z":0.1054517850279808,"w":0.12524782121181489},"size":4.765620231628418,"orthographic":false}