{"cameraMode":{"drawMode":0,"name":"Shaded","section":"Shading Mode"},"sceneLighting":false,"audioPlay":false,"sceneViewState":{"showFog":false,"showMaterialUpdate":false,"showSkybox":false,"showFlares":false,"showImageEffects":true,"showParticleSystems":true},"in2DMode":false,"pivot":{"x":-0.20674824714660645,"y":0.6594703197479248,"z":0.3657740354537964},"rotation":{"x":-0.010804826393723488,"y":-0.9601044654846191,"z":-0.03746293485164642,"w":0.27691009640693667},"size":6.337447643280029,"orthographic":false}