{"cameraMode":{"drawMode":0,"name":"Shaded","section":"Shading Mode"},"sceneLighting":false,"audioPlay":false,"sceneViewState":{"showFog":false,"showMaterialUpdate":false,"showSkybox":false,"showFlares":false,"showImageEffects":true,"showParticleSystems":true},"in2DMode":false,"pivot":{"x":-2.808915615081787,"y":0.19948655366897584,"z":3.2005980014801027},"rotation":{"x":-0.42863672971725466,"y":-0.059015218168497089,"z":0.028072169050574304,"w":-0.9011102914810181},"size":14.959239959716797,"orthographic":false}