{"cameraMode":{"drawMode":0,"name":"Shaded","section":"Shading Mode"},"sceneLighting":false,"audioPlay":false,"sceneViewState":{"showFog":false,"showMaterialUpdate":false,"showSkybox":false,"showFlares":false,"showImageEffects":true,"showParticleSystems":true},"in2DMode":false,"pivot":{"x":-0.46559810638427737,"y":1.0992519855499268,"z":0.09878158569335938},"rotation":{"x":0.12885580956935883,"y":-0.457159161567688,"z":0.06713587045669556,"w":0.8774363398551941},"size":6.922658920288086,"orthographic":false}