{"cameraMode":{"drawMode":0,"name":"Shaded","section":"Shading Mode"},"sceneLighting":false,"audioPlay":false,"sceneViewState":{"showFog":false,"showMaterialUpdate":false,"showSkybox":false,"showFlares":false,"showImageEffects":true,"showParticleSystems":true},"in2DMode":false,"pivot":{"x":0.02481740713119507,"y":0.3046998381614685,"z":-0.011080935597419739},"rotation":{"x":0.22626934945583344,"y":-0.2637675702571869,"z":0.06379728019237519,"w":0.9354992508888245},"size":2.334474802017212,"orthographic":false}