{"cameraMode":{"drawMode":0,"name":"Shaded","section":"Shading Mode"},"sceneLighting":false,"audioPlay":false,"sceneViewState":{"showFog":false,"showMaterialUpdate":false,"showSkybox":false,"showFlares":false,"showImageEffects":true,"showParticleSystems":true},"in2DMode":false,"pivot":{"x":-0.02235996723175049,"y":1.040486454963684,"z":0.000001430511474609375},"rotation":{"x":-0.42863669991493227,"y":-0.05901521444320679,"z":0.028072167187929155,"w":-0.9011102318763733},"size":11.766683578491211,"orthographic":false}