{"cameraMode":{"drawMode":0,"name":"Shaded","section":"Shading Mode"},"sceneLighting":false,"audioPlay":false,"sceneViewState":{"showFog":false,"showMaterialUpdate":false,"showSkybox":false,"showFlares":false,"showImageEffects":true,"showParticleSystems":true},"in2DMode":false,"pivot":{"x":0.09237663447856903,"y":0.07808604836463928,"z":0.1065790057182312},"rotation":{"x":0.24572962522506715,"y":-0.17080676555633546,"z":0.04403487220406532,"w":0.9531542658805847},"size":0.6000571846961975,"orthographic":false}