{"cameraMode":{"drawMode":0,"name":"Shaded","section":"Shading Mode"},"sceneLighting":false,"audioPlay":false,"sceneViewState":{"showFog":false,"showMaterialUpdate":false,"showSkybox":false,"showFlares":false,"showImageEffects":true,"showParticleSystems":true},"in2DMode":false,"pivot":{"x":-1.8090736865997315,"y":-1.0026774406433106,"z":-0.9191741943359375},"rotation":{"x":-0.12839633226394654,"y":0.8669996857643127,"z":-0.28915002942085268,"w":-0.3849911391735077},"size":7.917631149291992,"orthographic":false}