{"cameraMode":{"drawMode":0,"name":"Shaded","section":"Shading Mode"},"sceneLighting":false,"audioPlay":false,"sceneViewState":{"showFog":false,"showMaterialUpdate":false,"showSkybox":false,"showFlares":false,"showImageEffects":true,"showParticleSystems":true},"in2DMode":false,"pivot":{"x":-0.00814962387084961,"y":0.9678241014480591,"z":-0.39173293113708498},"rotation":{"x":-0.251090407371521,"y":0.5474768877029419,"z":-0.17658057808876038,"w":-0.7784870266914368},"size":12.967277526855469,"orthographic":false}