{"cameraMode":{"drawMode":0,"name":"Shaded","section":"Shading Mode"},"sceneLighting":false,"audioPlay":false,"sceneViewState":{"showFog":false,"showMaterialUpdate":false,"showSkybox":false,"showFlares":false,"showImageEffects":true,"showParticleSystems":true},"in2DMode":false,"pivot":{"x":959.9998168945313,"y":540.0,"z":16.412853240966798},"rotation":{"x":0.22886644303798676,"y":-0.5463776588439941,"z":0.1582963913679123,"w":0.7899581789970398},"size":3635.200439453125,"orthographic":false}