{"cameraMode":{"drawMode":0,"name":"Shaded","section":"Shading Mode"},"sceneLighting":false,"audioPlay":false,"sceneViewState":{"showFog":false,"showMaterialUpdate":false,"showSkybox":false,"showFlares":false,"showImageEffects":true,"showParticleSystems":true},"in2DMode":false,"pivot":{"x":-0.12104177474975586,"y":0.0,"z":0.0060040950775146488},"rotation":{"x":-0.251090407371521,"y":0.5474768877029419,"z":-0.17658057808876038,"w":-0.7784870266914368},"size":9.990715980529786,"orthographic":false}