{"cameraMode":{"drawMode":0,"name":"Shaded","section":"Shading Mode"},"sceneLighting":false,"audioPlay":false,"sceneViewState":{"showFog":false,"showMaterialUpdate":false,"showSkybox":false,"showFlares":false,"showImageEffects":true,"showParticleSystems":true},"in2DMode":false,"pivot":{"x":4.76837158203125e-7,"y":1.6311339139938355,"z":0.004748702049255371},"rotation":{"x":0.06757703423500061,"y":-0.9220309853553772,"z":0.18786641955375672,"w":0.3316602110862732},"size":10.98535442352295,"orthographic":false}