{"cameraMode":{"drawMode":0,"name":"Shaded","section":"Shading Mode"},"sceneLighting":false,"audioPlay":false,"sceneViewState":{"showFog":false,"showMaterialUpdate":false,"showSkybox":false,"showFlares":false,"showImageEffects":true,"showParticleSystems":true},"in2DMode":false,"pivot":{"x":0.22666031122207642,"y":0.02371203899383545,"z":0.14993035793304444},"rotation":{"x":0.2590486407279968,"y":-0.2530553936958313,"z":0.07052896171808243,"w":0.9294527769088745},"size":2.1000571250915529,"orthographic":false}