{"cameraMode":{"drawMode":0,"name":"Shaded","section":"Shading Mode"},"sceneLighting":false,"audioPlay":false,"sceneViewState":{"showFog":false,"showMaterialUpdate":false,"showSkybox":false,"showFlares":false,"showImageEffects":true,"showParticleSystems":true},"in2DMode":false,"pivot":{"x":-0.03356802463531494,"y":0.005121946334838867,"z":-0.0032320022583007814},"rotation":{"x":0.2590486407279968,"y":-0.2530553936958313,"z":0.07052896171808243,"w":0.9294527769088745},"size":8.42068099975586,"orthographic":false}