{"cameraMode":{"drawMode":0,"name":"Shaded","section":"Shading Mode"},"sceneLighting":false,"audioPlay":false,"sceneViewState":{"showFog":false,"showMaterialUpdate":false,"showSkybox":false,"showFlares":false,"showImageEffects":true,"showParticleSystems":true},"in2DMode":false,"pivot":{"x":0.06393313407897949,"y":0.3099019527435303,"z":0.3080289959907532},"rotation":{"x":0.13174551725387574,"y":-0.417225182056427,"z":0.06127137690782547,"w":0.8971132636070252},"size":1.8000571727752686,"orthographic":false}