{"cameraMode":{"drawMode":0,"name":"Shaded","section":"Shading Mode"},"sceneLighting":false,"audioPlay":false,"sceneViewState":{"showFog":false,"showMaterialUpdate":false,"showSkybox":false,"showFlares":false,"showImageEffects":true,"showParticleSystems":true},"in2DMode":false,"pivot":{"x":-0.28725653886795046,"y":0.6029675006866455,"z":-1.8274204730987549},"rotation":{"x":0.0017990267369896174,"y":0.9943143129348755,"z":-0.1051008477807045,"w":0.01702028512954712},"size":4.747591018676758,"orthographic":false}