{"cameraMode":{"drawMode":0,"name":"Shaded","section":"Shading Mode"},"sceneLighting":false,"audioPlay":false,"sceneViewState":{"showFog":false,"showMaterialUpdate":false,"showSkybox":false,"showFlares":false,"showImageEffects":true,"showParticleSystems":true},"in2DMode":false,"pivot":{"x":1.7456040382385255,"y":0.8790016174316406,"z":1.6429376602172852},"rotation":{"x":0.2590486407279968,"y":-0.2530553936958313,"z":0.07052896171808243,"w":0.9294527769088745},"size":7.49900484085083,"orthographic":false}