{"cameraMode":{"drawMode":0,"name":"Shaded","section":"Shading Mode"},"sceneLighting":false,"audioPlay":false,"sceneViewState":{"showFog":false,"showMaterialUpdate":false,"showSkybox":false,"showFlares":false,"showImageEffects":true,"showParticleSystems":true},"in2DMode":false,"pivot":{"x":0.007224708795547485,"y":-0.019632652401924135,"z":-0.0029582679271698},"rotation":{"x":0.30894601345062258,"y":-0.2879544198513031,"z":0.0987318754196167,"w":0.9010475277900696},"size":0.30005723237991335,"orthographic":false}