{"cameraMode":{"drawMode":0,"name":"Shaded","section":"Shading Mode"},"sceneLighting":false,"audioPlay":false,"sceneViewState":{"showFog":false,"showMaterialUpdate":false,"showSkybox":false,"showFlares":false,"showImageEffects":true,"showParticleSystems":true},"in2DMode":false,"pivot":{"x":141.00436401367188,"y":17.46472930908203,"z":-30.459644317626954},"rotation":{"x":-0.4276539087295532,"y":0.11071500927209854,"z":-0.05286824330687523,"w":-0.8955776691436768},"size":88.45928192138672,"orthographic":false}