{"cameraMode":{"drawMode":0,"name":"Shaded","section":"Shading Mode"},"sceneLighting":false,"audioPlay":false,"sceneViewState":{"showFog":false,"showMaterialUpdate":false,"showSkybox":false,"showFlares":false,"showImageEffects":true,"showParticleSystems":true},"in2DMode":false,"pivot":{"x":5.5155487060546879,"y":-3.6132609844207765,"z":-13.08712387084961},"rotation":{"x":-0.16264641284942628,"y":0.8352358937263489,"z":-0.337485134601593,"w":-0.4025307595729828},"size":9.949810028076172,"orthographic":false}