{"cameraMode":{"drawMode":0,"name":"Shaded","section":"Shading Mode"},"sceneLighting":false,"audioPlay":false,"sceneViewState":{"showFog":false,"showMaterialUpdate":false,"showSkybox":false,"showFlares":false,"showImageEffects":true,"showParticleSystems":true},"in2DMode":false,"pivot":{"x":-0.3236198425292969,"y":3.0440492630004885,"z":0.029369354248046876},"rotation":{"x":0.2225453108549118,"y":-0.29598599672317507,"z":0.07112015783786774,"w":0.9261791706085205},"size":84.3039321899414,"orthographic":false}