{"cameraMode":{"drawMode":0,"name":"Shaded","section":"Shading Mode"},"sceneLighting":false,"audioPlay":false,"sceneViewState":{"showFog":false,"showMaterialUpdate":false,"showSkybox":false,"showFlares":false,"showImageEffects":true,"showParticleSystems":true},"in2DMode":false,"pivot":{"x":0.13983485102653504,"y":-0.04617917537689209,"z":-0.08386492729187012},"rotation":{"x":0.26229554414749148,"y":-0.37009260058403017,"z":0.10976038873195648,"w":0.8844123482704163},"size":3.6000568866729738,"orthographic":false}