{"cameraMode":{"drawMode":0,"name":"Shaded","section":"Shading Mode"},"sceneLighting":false,"audioPlay":false,"sceneViewState":{"showFog":false,"showMaterialUpdate":false,"showSkybox":false,"showFlares":false,"showImageEffects":true,"showParticleSystems":true},"in2DMode":false,"pivot":{"x":0.027797721326351167,"y":-0.34144318103790285,"z":1.2542335987091065},"rotation":{"x":0.2972230613231659,"y":-0.013194524683058262,"z":0.0041075050830841068,"w":0.9547080993652344},"size":3.2860734462738039,"orthographic":false}