{"cameraMode":{"drawMode":0,"name":"Shaded","section":"Shading Mode"},"sceneLighting":false,"audioPlay":false,"sceneViewState":{"showFog":false,"showMaterialUpdate":false,"showSkybox":false,"showFlares":false,"showImageEffects":true,"showParticleSystems":true},"in2DMode":false,"pivot":{"x":-0.531003475189209,"y":-5.5628790855407719,"z":1.885054588317871},"rotation":{"x":0.2958294749259949,"y":-0.32133376598358157,"z":0.10641954839229584,"w":0.8932549953460693},"size":16.37074851989746,"orthographic":false}