{"cameraMode":{"drawMode":0,"name":"Shaded","section":"Shading Mode"},"sceneLighting":false,"audioPlay":false,"sceneViewState":{"showFog":false,"showMaterialUpdate":false,"showSkybox":false,"showFlares":false,"showImageEffects":true,"showParticleSystems":true},"in2DMode":false,"pivot":{"x":0.001259922981262207,"y":0.20459657907485963,"z":-0.006075471639633179},"rotation":{"x":-0.42863669991493227,"y":-0.05901521444320679,"z":0.028072167187929155,"w":-0.9011102318763733},"size":3.762437105178833,"orthographic":false}