{"cameraMode":{"drawMode":0,"name":"Shaded","section":"Shading Mode"},"sceneLighting":false,"audioPlay":false,"sceneViewState":{"showFog":false,"showMaterialUpdate":false,"showSkybox":false,"showFlares":false,"showImageEffects":true,"showParticleSystems":true},"in2DMode":false,"pivot":{"x":0.5701196193695068,"y":0.15968310832977296,"z":0.05550950765609741},"rotation":{"x":0.15525028109550477,"y":0.36629173159599306,"z":-0.062125105410814288,"w":0.9153514504432678},"size":2.4717326164245607,"orthographic":false}