{"cameraMode":{"drawMode":0,"name":"Shaded","section":"Shading Mode"},"sceneLighting":false,"audioPlay":false,"sceneViewState":{"showFog":false,"showMaterialUpdate":false,"showSkybox":false,"showFlares":false,"showImageEffects":true,"showParticleSystems":true},"in2DMode":false,"pivot":{"x":0.05538755655288696,"y":0.8658418655395508,"z":-0.0845792293548584},"rotation":{"x":0.24351465702056886,"y":-0.27501651644706728,"z":0.07222224771976471,"w":0.9272812604904175},"size":7.084536075592041,"orthographic":false}