{"cameraMode":{"drawMode":0,"name":"Shaded","section":"Shading Mode"},"sceneLighting":false,"audioPlay":false,"sceneViewState":{"showFog":false,"showMaterialUpdate":false,"showSkybox":false,"showFlares":false,"showImageEffects":true,"showParticleSystems":true},"in2DMode":false,"pivot":{"x":-0.01284027099609375,"y":7.468567848205566,"z":-0.6054496765136719},"rotation":{"x":0.2590486407279968,"y":-0.2530553936958313,"z":0.07052896171808243,"w":0.9294527769088745},"size":127.86382293701172,"orthographic":false}