{"cameraMode":{"drawMode":0,"name":"Shaded","section":"Shading Mode"},"sceneLighting":false,"audioPlay":false,"sceneViewState":{"showFog":false,"showMaterialUpdate":false,"showSkybox":false,"showFlares":false,"showImageEffects":true,"showParticleSystems":true},"in2DMode":false,"pivot":{"x":0.7303612232208252,"y":0.6385042071342468,"z":2.0227444171905519},"rotation":{"x":-0.0683075562119484,"y":-0.036504823714494708,"z":0.0025004702620208265,"w":-0.9969931244850159},"size":5.41328239440918,"orthographic":false}