{"cameraMode":{"drawMode":0,"name":"Shaded","section":"Shading Mode"},"sceneLighting":false,"audioPlay":false,"sceneViewState":{"showFog":false,"showMaterialUpdate":false,"showSkybox":false,"showFlares":false,"showImageEffects":true,"showParticleSystems":true},"in2DMode":false,"pivot":{"x":-0.011230707168579102,"y":1.1321699619293213,"z":0.016677752137184144},"rotation":{"x":0.0017990267369896174,"y":0.9943143129348755,"z":-0.1051008477807045,"w":0.01702028512954712},"size":7.2976393699646,"orthographic":false}