{"cameraMode":{"drawMode":0,"name":"Shaded","section":"Shading Mode"},"sceneLighting":false,"audioPlay":false,"sceneViewState":{"showFog":false,"showMaterialUpdate":false,"showSkybox":false,"showFlares":false,"showImageEffects":true,"showParticleSystems":true},"in2DMode":false,"pivot":{"x":2.980232238769531e-7,"y":0.9582075476646423,"z":-0.000711299479007721},"rotation":{"x":-0.011496494524180889,"y":0.9883244633674622,"z":-0.11647593975067139,"w":-0.09755008667707443},"size":3.387296676635742,"orthographic":false}