{"cameraMode":{"drawMode":0,"name":"Shaded","section":"Shading Mode"},"sceneLighting":false,"audioPlay":false,"sceneViewState":{"showFog":false,"showMaterialUpdate":false,"showSkybox":false,"showFlares":false,"showImageEffects":true,"showParticleSystems":true},"in2DMode":false,"pivot":{"x":0.25664472579956057,"y":0.09232115745544434,"z":0.261305570602417},"rotation":{"x":0.2225453108549118,"y":-0.29598599672317507,"z":0.07112015783786774,"w":0.9261791706085205},"size":3.3000569343566896,"orthographic":false}