{"cameraMode":{"drawMode":0,"name":"Shaded","section":"Shading Mode"},"sceneLighting":false,"audioPlay":false,"sceneViewState":{"showFog":false,"showMaterialUpdate":false,"showSkybox":false,"showFlares":false,"showImageEffects":true,"showParticleSystems":true},"in2DMode":false,"pivot":{"x":153.32000732421876,"y":0.8100000023841858,"z":-48.41999816894531},"rotation":{"x":0.3794941306114197,"y":0.024975793436169626,"z":-0.010249313898384571,"w":0.9248002171516419},"size":18.74039649963379,"orthographic":false}