{"cameraMode":{"drawMode":0,"name":"Shaded","section":"Shading Mode"},"sceneLighting":false,"audioPlay":false,"sceneViewState":{"showFog":false,"showMaterialUpdate":false,"showSkybox":false,"showFlares":false,"showImageEffects":true,"showParticleSystems":true},"in2DMode":false,"pivot":{"x":153.32000732421876,"y":0.8100000023841858,"z":-48.41999816894531},"rotation":{"x":-0.4438406229019165,"y":0.49601104855537417,"z":-0.32852667570114138,"w":-0.6701111197471619},"size":18.74039649963379,"orthographic":false}