{"cameraMode":{"drawMode":0,"name":"Shaded","section":"Shading Mode"},"sceneLighting":false,"audioPlay":false,"sceneViewState":{"showFog":false,"showMaterialUpdate":false,"showSkybox":false,"showFlares":false,"showImageEffects":true,"showParticleSystems":true},"in2DMode":false,"pivot":{"x":0.000032573938369750977,"y":-0.00019690394401550293,"z":0.00021213293075561523},"rotation":{"x":0.20500873029232026,"y":-0.4847329258918762,"z":0.1180122122168541,"w":0.8420680165290833},"size":0.8512852191925049,"orthographic":false}