{"cameraMode":{"drawMode":0,"name":"Shaded","section":"Shading Mode"},"sceneLighting":false,"audioPlay":false,"sceneViewState":{"showFog":false,"showMaterialUpdate":false,"showSkybox":false,"showFlares":false,"showImageEffects":true,"showParticleSystems":true},"in2DMode":false,"pivot":{"x":0.3038778305053711,"y":0.44208526611328127,"z":0.5572166442871094},"rotation":{"x":0.24351465702056886,"y":-0.27501651644706728,"z":0.07222224771976471,"w":0.9272812604904175},"size":57.250701904296878,"orthographic":false}