{"cameraMode":{"drawMode":0,"name":"Shaded","section":"Shading Mode"},"sceneLighting":false,"audioPlay":false,"sceneViewState":{"showFog":false,"showMaterialUpdate":false,"showSkybox":false,"showFlares":false,"showImageEffects":true,"showParticleSystems":true},"in2DMode":false,"pivot":{"x":0.2646583318710327,"y":0.298836350440979,"z":0.27462077140808108},"rotation":{"x":0.25358179211616518,"y":-0.2865826487541199,"z":0.07894757390022278,"w":0.9205074906349182},"size":2.400057077407837,"orthographic":false}