{"cameraMode":{"drawMode":0,"name":"Shaded","section":"Shading Mode"},"sceneLighting":false,"audioPlay":false,"sceneViewState":{"showFog":false,"showMaterialUpdate":false,"showSkybox":false,"showFlares":false,"showImageEffects":true,"showParticleSystems":true},"in2DMode":false,"pivot":{"x":0.2894097566604614,"y":-0.3180581331253052,"z":-0.030788421630859376},"rotation":{"x":0.25358179211616518,"y":-0.2865826487541199,"z":0.07894757390022278,"w":0.9205074906349182},"size":2.700057029724121,"orthographic":false}