{"cameraMode":{"drawMode":0,"name":"Shaded","section":"Shading Mode"},"sceneLighting":false,"audioPlay":false,"sceneViewState":{"showFog":false,"showMaterialUpdate":false,"showSkybox":false,"showFlares":false,"showImageEffects":true,"showParticleSystems":true},"in2DMode":false,"pivot":{"x":-9.5367431640625e-7,"y":4.859897613525391,"z":-9.5367431640625e-7},"rotation":{"x":-0.251090407371521,"y":0.5474768877029419,"z":-0.17658057808876038,"w":-0.7784870266914368},"size":47.24711227416992,"orthographic":false}