{"cameraMode":{"drawMode":0,"name":"Shaded","section":"Shading Mode"},"sceneLighting":false,"audioPlay":false,"sceneViewState":{"showFog":false,"showMaterialUpdate":false,"showSkybox":false,"showFlares":false,"showImageEffects":true,"showParticleSystems":true},"in2DMode":false,"pivot":{"x":0.14895868301391602,"y":-0.11323666572570801,"z":0.0215684175491333},"rotation":{"x":0.2590486407279968,"y":-0.2530553936958313,"z":0.07052896171808243,"w":0.9294527769088745},"size":1.8000571727752686,"orthographic":false}