{"cameraMode":{"drawMode":0,"name":"Shaded","section":"Shading Mode"},"sceneLighting":false,"audioPlay":false,"sceneViewState":{"showFog":false,"showMaterialUpdate":false,"showSkybox":false,"showFlares":false,"showImageEffects":true,"showParticleSystems":true},"in2DMode":false,"pivot":{"x":-2.980232238769531e-7,"y":-0.11094807088375092,"z":0.49310797452926638},"rotation":{"x":0.06757703423500061,"y":-0.9220309853553772,"z":0.18786641955375672,"w":0.3316602110862732},"size":6.170851230621338,"orthographic":false}