{"cameraMode":{"drawMode":0,"name":"Shaded","section":"Shading Mode"},"sceneLighting":false,"audioPlay":false,"sceneViewState":{"showFog":false,"showMaterialUpdate":false,"showSkybox":false,"showFlares":false,"showImageEffects":true,"showParticleSystems":true},"in2DMode":false,"pivot":{"x":0.41692209243774416,"y":-0.23973095417022706,"z":0.09421825408935547},"rotation":{"x":-0.251090407371521,"y":0.5474768877029419,"z":-0.17658057808876038,"w":-0.7784870266914368},"size":14.289320945739746,"orthographic":false}