{"cameraMode":{"drawMode":0,"name":"Shaded","section":"Shading Mode"},"sceneLighting":false,"audioPlay":false,"sceneViewState":{"showFog":false,"showMaterialUpdate":false,"showSkybox":false,"showFlares":false,"showImageEffects":true,"showParticleSystems":true},"in2DMode":false,"pivot":{"x":-0.3278388977050781,"y":12.001998901367188,"z":-0.12218856811523438},"rotation":{"x":0.24351465702056886,"y":-0.27501651644706728,"z":0.07222224771976471,"w":0.9272812604904175},"size":54.062538146972659,"orthographic":false}