{"cameraMode":{"drawMode":0,"name":"Shaded","section":"Shading Mode"},"sceneLighting":false,"audioPlay":false,"sceneViewState":{"showFog":false,"showMaterialUpdate":false,"showSkybox":false,"showFlares":false,"showImageEffects":true,"showParticleSystems":true},"in2DMode":false,"pivot":{"x":1.1232070922851563,"y":0.24728119373321534,"z":0.31250131130218508},"rotation":{"x":0.18679028749465943,"y":0.7321921586990356,"z":-0.22193779051303864,"w":0.6162368059158325},"size":3.4770278930664064,"orthographic":false}