{"cameraMode":{"drawMode":0,"name":"Shaded","section":"Shading Mode"},"sceneLighting":false,"audioPlay":false,"sceneViewState":{"showFog":false,"showMaterialUpdate":false,"showSkybox":false,"showFlares":false,"showImageEffects":true,"showParticleSystems":true},"in2DMode":false,"pivot":{"x":1.1488392353057862,"y":1.424662709236145,"z":-0.8029874563217163},"rotation":{"x":0.006679235957562923,"y":0.9175419807434082,"z":-0.01542608067393303,"w":0.39728352427482607},"size":3.2677485942840578,"orthographic":false}