{"cameraMode":{"drawMode":0,"name":"Shaded","section":"Shading Mode"},"sceneLighting":false,"audioPlay":false,"sceneViewState":{"showFog":false,"showMaterialUpdate":false,"showSkybox":false,"showFlares":false,"showImageEffects":true,"showParticleSystems":true},"in2DMode":false,"pivot":{"x":0.0,"y":0.03040003776550293,"z":-2.384185791015625e-7},"rotation":{"x":0.22626934945583344,"y":-0.2637675702571869,"z":0.06379728019237519,"w":0.9354992508888245},"size":14.54662036895752,"orthographic":false}