{"cameraMode":{"drawMode":0,"name":"Shaded","section":"Shading Mode"},"sceneLighting":false,"audioPlay":false,"sceneViewState":{"showFog":false,"showMaterialUpdate":false,"showSkybox":false,"showFlares":false,"showImageEffects":true,"showParticleSystems":true},"in2DMode":false,"pivot":{"x":-0.0033529847860336305,"y":0.4225043058395386,"z":0.0008996874094009399},"rotation":{"x":-0.011496494524180889,"y":0.9883244633674622,"z":-0.11647593975067139,"w":-0.09755008667707443},"size":1.6923060417175294,"orthographic":false}