{"cameraMode":{"drawMode":0,"name":"Shaded","section":"Shading Mode"},"sceneLighting":false,"audioPlay":false,"sceneViewState":{"showFog":false,"showMaterialUpdate":false,"showSkybox":false,"showFlares":false,"showImageEffects":true,"showParticleSystems":true},"in2DMode":false,"pivot":{"x":0.29721784591674807,"y":0.970752477645874,"z":-3.5530812740325929},"rotation":{"x":0.026352616026997567,"y":0.9725805521011353,"z":-0.18483960628509522,"w":0.13866166770458222},"size":9.663591384887696,"orthographic":false}