{"cameraMode":{"drawMode":0,"name":"Shaded","section":"Shading Mode"},"sceneLighting":false,"audioPlay":false,"sceneViewState":{"showFog":false,"showMaterialUpdate":false,"showSkybox":false,"showFlares":false,"showImageEffects":true,"showParticleSystems":true},"in2DMode":false,"pivot":{"x":0.5585098266601563,"y":-0.025274276733398439,"z":0.6499414443969727},"rotation":{"x":0.12885580956935883,"y":-0.457159161567688,"z":0.06713587045669556,"w":0.8774363398551941},"size":47.91182327270508,"orthographic":false}