{"cameraMode":{"drawMode":0,"name":"Shaded","section":"Shading Mode"},"sceneLighting":false,"audioPlay":false,"sceneViewState":{"showFog":false,"showMaterialUpdate":false,"showSkybox":false,"showFlares":false,"showImageEffects":true,"showParticleSystems":true},"in2DMode":false,"pivot":{"x":100.86888122558594,"y":-1.0945565700531006,"z":67.31707000732422},"rotation":{"x":-0.23569193482398988,"y":-0.2758733332157135,"z":0.06997349113225937,"w":-0.9292184710502625},"size":6.124692440032959,"orthographic":false}