{"cameraMode":{"drawMode":0,"name":"Shaded","section":"Shading Mode"},"sceneLighting":false,"audioPlay":false,"sceneViewState":{"showFog":false,"showMaterialUpdate":false,"showSkybox":false,"showFlares":false,"showImageEffects":true,"showParticleSystems":true},"in2DMode":false,"pivot":{"x":-0.014059841632843018,"y":1.5185890197753907,"z":-0.0022901296615600588},"rotation":{"x":0.06757703423500061,"y":-0.9220309853553772,"z":0.18786641955375672,"w":0.3316602110862732},"size":9.266035079956055,"orthographic":false}