{"cameraMode":{"drawMode":0,"name":"Shaded","section":"Shading Mode"},"sceneLighting":false,"audioPlay":false,"sceneViewState":{"showFog":false,"showMaterialUpdate":false,"showSkybox":false,"showFlares":false,"showImageEffects":true,"showParticleSystems":true},"in2DMode":false,"pivot":{"x":-0.0000011920928955078126,"y":1.6280349493026734,"z":0.0},"rotation":{"x":0.06757703423500061,"y":-0.9220309853553772,"z":0.18786641955375672,"w":0.3316602110862732},"size":10.889387130737305,"orthographic":false}