{"cameraMode":{"drawMode":0,"name":"Shaded","section":"Shading Mode"},"sceneLighting":false,"audioPlay":false,"sceneViewState":{"showFog":false,"showMaterialUpdate":false,"showSkybox":false,"showFlares":false,"showImageEffects":true,"showParticleSystems":true},"in2DMode":false,"pivot":{"x":-1.5096421241760255,"y":-0.27287614345550539,"z":-1.6335811614990235},"rotation":{"x":-0.3341209292411804,"y":-0.08129337430000305,"z":0.028939545154571534,"w":-0.9385718703269959},"size":3.684988021850586,"orthographic":false}