{"cameraMode":{"drawMode":0,"name":"Shaded","section":"Shading Mode"},"sceneLighting":false,"audioPlay":false,"sceneViewState":{"showFog":false,"showMaterialUpdate":false,"showSkybox":false,"showFlares":false,"showImageEffects":true,"showParticleSystems":true},"in2DMode":false,"pivot":{"x":0.03198361396789551,"y":3.0979819297790529,"z":0.005925297737121582},"rotation":{"x":0.2697499990463257,"y":-0.21612003445625306,"z":0.0622652992606163,"w":0.9362960457801819},"size":12.622476577758789,"orthographic":false}