{"cameraMode":{"drawMode":0,"name":"Shaded","section":"Shading Mode"},"sceneLighting":false,"audioPlay":false,"sceneViewState":{"showFog":false,"showMaterialUpdate":false,"showSkybox":false,"showFlares":false,"showImageEffects":true,"showParticleSystems":true},"in2DMode":false,"pivot":{"x":-0.5289497375488281,"y":5.132791042327881,"z":7.469699859619141},"rotation":{"x":-0.0956835225224495,"y":-0.0590900294482708,"z":0.005690159276127815,"w":-0.993640124797821},"size":17.15306282043457,"orthographic":false}