{"cameraMode":{"drawMode":0,"name":"Shaded","section":"Shading Mode"},"sceneLighting":false,"audioPlay":false,"sceneViewState":{"showFog":false,"showMaterialUpdate":false,"showSkybox":false,"showFlares":false,"showImageEffects":true,"showParticleSystems":true},"in2DMode":false,"pivot":{"x":0.0027457475662231447,"y":1.0890262126922608,"z":-0.010523438453674317},"rotation":{"x":0.0017990267369896174,"y":0.9943143129348755,"z":-0.1051008477807045,"w":0.01702028512954712},"size":5.605747222900391,"orthographic":false}