{"cameraMode":{"drawMode":0,"name":"Shaded","section":"Shading Mode"},"sceneLighting":false,"audioPlay":false,"sceneViewState":{"showFog":false,"showMaterialUpdate":false,"showSkybox":false,"showFlares":false,"showImageEffects":true,"showParticleSystems":true},"in2DMode":false,"pivot":{"x":0.02669084072113037,"y":-0.0015988349914550782,"z":0.017446041107177736},"rotation":{"x":0.22828331589698792,"y":-0.27477356791496279,"z":0.06733249872922898,"w":0.9315860867500305},"size":1.2000572681427003,"orthographic":false}