{"cameraMode":{"drawMode":0,"name":"Shaded","section":"Shading Mode"},"sceneLighting":false,"audioPlay":false,"sceneViewState":{"showFog":false,"showMaterialUpdate":false,"showSkybox":false,"showFlares":false,"showImageEffects":true,"showParticleSystems":true},"in2DMode":false,"pivot":{"x":0.025478839874267579,"y":-0.2582533061504364,"z":-0.1541946530342102},"rotation":{"x":0.20500873029232026,"y":-0.4847329258918762,"z":0.1180122122168541,"w":0.8420680165290833},"size":3.900056838989258,"orthographic":false}