{"cameraMode":{"drawMode":0,"name":"Shaded","section":"Shading Mode"},"sceneLighting":false,"audioPlay":false,"sceneViewState":{"showFog":false,"showMaterialUpdate":false,"showSkybox":false,"showFlares":false,"showImageEffects":true,"showParticleSystems":true},"in2DMode":false,"pivot":{"x":6.109476089477539e-7,"y":-0.016808390617370607,"z":0.35858097672462466},"rotation":{"x":0.22626934945583344,"y":-0.2637675702571869,"z":0.06379728019237519,"w":0.9354992508888245},"size":2.301652193069458,"orthographic":false}