{"cameraMode":{"drawMode":0,"name":"Shaded","section":"Shading Mode"},"sceneLighting":false,"audioPlay":false,"sceneViewState":{"showFog":false,"showMaterialUpdate":false,"showSkybox":false,"showFlares":false,"showImageEffects":true,"showParticleSystems":true},"in2DMode":false,"pivot":{"x":1.3999991416931153,"y":1.9028964042663575,"z":0.8999953269958496},"rotation":{"x":-0.19740276038646699,"y":-0.043212004005908969,"z":0.008710041642189026,"w":-0.9793309569358826},"size":10.828553199768067,"orthographic":false}