{"cameraMode":{"drawMode":0,"name":"Shaded","section":"Shading Mode"},"sceneLighting":false,"audioPlay":false,"sceneViewState":{"showFog":false,"showMaterialUpdate":false,"showSkybox":false,"showFlares":false,"showImageEffects":true,"showParticleSystems":true},"in2DMode":false,"pivot":{"x":-0.35285091400146487,"y":1.1116061210632325,"z":-1.1056385040283204},"rotation":{"x":0.19044487178325654,"y":0.18108519911766053,"z":-0.03576718643307686,"w":0.9641885757446289},"size":23.13581657409668,"orthographic":false}