{"cameraMode":{"drawMode":0,"name":"Shaded","section":"Shading Mode"},"sceneLighting":false,"audioPlay":false,"sceneViewState":{"showFog":false,"showMaterialUpdate":false,"showSkybox":false,"showFlares":false,"showImageEffects":true,"showParticleSystems":true},"in2DMode":false,"pivot":{"x":-0.1671857237815857,"y":-0.14236456155776978,"z":0.009478628635406495},"rotation":{"x":0.20488053560256959,"y":-0.4367576837539673,"z":0.10286858677864075,"w":0.8698762655258179},"size":1.5000572204589844,"orthographic":false}