{"cameraMode":{"drawMode":0,"name":"Shaded","section":"Shading Mode"},"sceneLighting":false,"audioPlay":false,"sceneViewState":{"showFog":false,"showMaterialUpdate":false,"showSkybox":false,"showFlares":false,"showImageEffects":true,"showParticleSystems":true},"in2DMode":false,"pivot":{"x":-0.5806388854980469,"y":1.338940978050232,"z":0.5031059980392456},"rotation":{"x":-0.14016678929328919,"y":-0.5286271572113037,"z":0.08900905400514603,"w":-0.832456648349762},"size":8.772051811218262,"orthographic":false}