{"cameraMode":{"drawMode":0,"name":"Shaded","section":"Shading Mode"},"sceneLighting":false,"audioPlay":false,"sceneViewState":{"showFog":false,"showMaterialUpdate":false,"showSkybox":false,"showFlares":false,"showImageEffects":true,"showParticleSystems":true},"in2DMode":false,"pivot":{"x":0.35495179891586306,"y":-0.0858059823513031,"z":-0.17280170321464539},"rotation":{"x":0.2607206404209137,"y":0.4656267464160919,"z":-0.145727276802063,"w":0.8330547213554382},"size":0.9000572562217712,"orthographic":false}