{"cameraMode":{"drawMode":0,"name":"Shaded","section":"Shading Mode"},"sceneLighting":false,"audioPlay":false,"sceneViewState":{"showFog":false,"showMaterialUpdate":false,"showSkybox":false,"showFlares":false,"showImageEffects":true,"showParticleSystems":true},"in2DMode":false,"pivot":{"x":-0.00008559226989746094,"y":1.544222354888916,"z":0.002777606248855591},"rotation":{"x":0.0007037914474494755,"y":-0.9713326692581177,"z":0.23770557343959809,"w":0.002897439757362008},"size":9.719242095947266,"orthographic":false}