{"cameraMode":{"drawMode":0,"name":"Shaded","section":"Shading Mode"},"sceneLighting":false,"audioPlay":false,"sceneViewState":{"showFog":false,"showMaterialUpdate":false,"showSkybox":false,"showFlares":false,"showImageEffects":true,"showParticleSystems":true},"in2DMode":false,"pivot":{"x":0.48810601234436037,"y":0.015265703201293946,"z":0.25961852073669436},"rotation":{"x":0.2507750988006592,"y":-0.252282053232193,"z":0.0678725317120552,"w":0.9321261048316956},"size":4.200057029724121,"orthographic":false}