{"cameraMode":{"drawMode":0,"name":"Shaded","section":"Shading Mode"},"sceneLighting":false,"audioPlay":false,"sceneViewState":{"showFog":false,"showMaterialUpdate":false,"showSkybox":false,"showFlares":false,"showImageEffects":true,"showParticleSystems":true},"in2DMode":false,"pivot":{"x":-1.044992446899414,"y":1.3169410228729249,"z":0.5923278331756592},"rotation":{"x":-0.027031272649765016,"y":-0.972964882850647,"z":0.1608252376317978,"w":-0.16353590786457063},"size":2.3441169261932375,"orthographic":false}