{"cameraMode":{"drawMode":0,"name":"Shaded","section":"Shading Mode"},"sceneLighting":false,"audioPlay":false,"sceneViewState":{"showFog":false,"showMaterialUpdate":false,"showSkybox":false,"showFlares":false,"showImageEffects":true,"showParticleSystems":true},"in2DMode":false,"pivot":{"x":0.0,"y":2.615139961242676,"z":0.027340173721313478},"rotation":{"x":-0.42863672971725466,"y":-0.059015218168497089,"z":0.028072169050574304,"w":-0.9011102914810181},"size":11.413507461547852,"orthographic":false}