{"cameraMode":{"drawMode":0,"name":"Shaded","section":"Shading Mode"},"sceneLighting":false,"audioPlay":false,"sceneViewState":{"showFog":false,"showMaterialUpdate":false,"showSkybox":false,"showFlares":false,"showImageEffects":true,"showParticleSystems":true},"in2DMode":false,"pivot":{"x":-0.00677654892206192,"y":0.9245527386665344,"z":-0.0018429793417453766},"rotation":{"x":-0.011496494524180889,"y":0.9883244633674622,"z":-0.11647593975067139,"w":-0.09755008667707443},"size":3.0843584537506105,"orthographic":false}