{"cameraMode":{"drawMode":0,"name":"Shaded","section":"Shading Mode"},"sceneLighting":false,"audioPlay":false,"sceneViewState":{"showFog":false,"showMaterialUpdate":false,"showSkybox":false,"showFlares":false,"showImageEffects":true,"showParticleSystems":true},"in2DMode":false,"pivot":{"x":0.2317943572998047,"y":24.242774963378908,"z":-0.13330936431884767},"rotation":{"x":0.3508009612560272,"y":-0.2698965072631836,"z":0.10633564740419388,"w":0.8903859853744507},"size":102.42902374267578,"orthographic":false}