{"cameraMode":{"drawMode":0,"name":"Shaded","section":"Shading Mode"},"sceneLighting":false,"audioPlay":false,"sceneViewState":{"showFog":false,"showMaterialUpdate":false,"showSkybox":false,"showFlares":false,"showImageEffects":true,"showParticleSystems":true},"in2DMode":false,"pivot":{"x":-0.018989264965057374,"y":1.0615204572677613,"z":-0.008805334568023682},"rotation":{"x":0.15525028109550477,"y":0.36629173159599306,"z":-0.062125105410814288,"w":0.9153514504432678},"size":8.301318168640137,"orthographic":false}