{"cameraMode":{"drawMode":0,"name":"Shaded","section":"Shading Mode"},"sceneLighting":false,"audioPlay":false,"sceneViewState":{"showFog":false,"showMaterialUpdate":false,"showSkybox":false,"showFlares":false,"showImageEffects":true,"showParticleSystems":true},"in2DMode":false,"pivot":{"x":0.12665772438049317,"y":-0.13608315587043763,"z":0.2858518660068512},"rotation":{"x":0.21167053282260896,"y":-0.4726213812828064,"z":0.11807169020175934,"w":0.8472802639007568},"size":1.2000572681427003,"orthographic":false}