{"cameraMode":{"drawMode":0,"name":"Shaded","section":"Shading Mode"},"sceneLighting":false,"audioPlay":false,"sceneViewState":{"showFog":false,"showMaterialUpdate":false,"showSkybox":false,"showFlares":false,"showImageEffects":true,"showParticleSystems":true},"in2DMode":false,"pivot":{"x":0.6653928756713867,"y":0.5389351844787598,"z":1.1020894050598145},"rotation":{"x":0.18751823902130128,"y":-0.14703619480133058,"z":0.02840159647166729,"w":0.9707783460617065},"size":6.512315273284912,"orthographic":false}