{"cameraMode":{"drawMode":0,"name":"Shaded","section":"Shading Mode"},"sceneLighting":false,"audioPlay":false,"sceneViewState":{"showFog":false,"showMaterialUpdate":false,"showSkybox":false,"showFlares":false,"showImageEffects":true,"showParticleSystems":true},"in2DMode":false,"pivot":{"x":0.10325312614440918,"y":0.16085946559906007,"z":0.16836810111999513},"rotation":{"x":0.2507750988006592,"y":-0.252282053232193,"z":0.0678725317120552,"w":0.9321261048316956},"size":1.5000572204589844,"orthographic":false}