{"cameraMode":{"drawMode":0,"name":"Shaded","section":"Shading Mode"},"sceneLighting":false,"audioPlay":false,"sceneViewState":{"showFog":false,"showMaterialUpdate":false,"showSkybox":false,"showFlares":false,"showImageEffects":true,"showParticleSystems":true},"in2DMode":false,"pivot":{"x":-0.333742618560791,"y":0.8057259917259216,"z":0.2861783504486084},"rotation":{"x":-0.251090407371521,"y":0.5474768877029419,"z":-0.17658057808876038,"w":-0.7784870266914368},"size":14.664061546325684,"orthographic":false}