{"cameraMode":{"drawMode":0,"name":"Shaded","section":"Shading Mode"},"sceneLighting":false,"audioPlay":false,"sceneViewState":{"showFog":false,"showMaterialUpdate":false,"showSkybox":false,"showFlares":false,"showImageEffects":true,"showParticleSystems":true},"in2DMode":false,"pivot":{"x":8.132879257202149,"y":0.1687917709350586,"z":-0.039544105529785159},"rotation":{"x":0.15525028109550477,"y":0.36629173159599306,"z":-0.062125105410814288,"w":0.9153514504432678},"size":56.20389938354492,"orthographic":false}