{"cameraMode":{"drawMode":0,"name":"Shaded","section":"Shading Mode"},"sceneLighting":false,"audioPlay":false,"sceneViewState":{"showFog":false,"showMaterialUpdate":false,"showSkybox":false,"showFlares":false,"showImageEffects":true,"showParticleSystems":true},"in2DMode":false,"pivot":{"x":0.17799484729766847,"y":-0.08069801330566406,"z":0.13624680042266847},"rotation":{"x":0.22626934945583344,"y":-0.2637675702571869,"z":0.06379728019237519,"w":0.9354992508888245},"size":1.5000572204589844,"orthographic":false}