{"cameraMode":{"drawMode":0,"name":"Shaded","section":"Shading Mode"},"sceneLighting":false,"audioPlay":false,"sceneViewState":{"showFog":false,"showMaterialUpdate":false,"showSkybox":false,"showFlares":false,"showImageEffects":true,"showParticleSystems":true},"in2DMode":false,"pivot":{"x":4.092649936676025,"y":0.32398998737335207,"z":7.090755462646484},"rotation":{"x":-0.0905371829867363,"y":-0.3992066979408264,"z":0.03965180739760399,"w":-0.911517858505249},"size":10.223369598388672,"orthographic":false}